"gene","SYMBOL","log2FoldChange","pvalue","padj"
"ENSG00000101327","PDYN",4.1498,1.23273087916008e-07,2e-04
"ENSG00000198502","HLA-DRB5",3.3204,0.0119884761768454,0.0993
"ENSG00000187775","DNAH17",3.1141,0.000302540391853117,0.0253
"ENSG00000274276","LOC102724560",3.1064,0.0193072482604492,0.0993
"ENSG00000168329","CX3CR1",3.0136,1.57391666812975e-05,0.0042
"ENSG00000125730","C3",2.9871,3.71875070283564e-08,1e-04
"ENSG00000091513","TF",2.966,9.22139379398214e-05,0.0132
"ENSG00000171659","GPR34",2.9272,1.15591873989485e-05,0.0036
"ENSG00000169562","GJB1",2.9256,0.000321669941273731,0.0262
"ENSG00000174607","UGT8",2.9239,3.86846007059284e-05,0.0071
"ENSG00000144230","GPR17",2.9104,4.8067805986018e-09,0
"ENSG00000158865","SLC5A11",2.8967,0.00105172135010597,0.0527
"ENSG00000147256","ARHGAP36",2.8835,0.000428758807869373,0.0307
"ENSG00000105695","MAG",2.8574,0.000408767144039161,0.0301
"ENSG00000213186","TRIM59",2.8327,0.000281411634165104,0.0243
"ENSG00000204278","TMEM235",2.8314,0.00101734320365781,0.0519
"ENSG00000167755","KLK6",2.8224,0.00388641455785226,0.0993
"ENSG00000204655","MOG",2.8193,0.000201010310001071,0.0203
"ENSG00000172508","CARNS1",2.8111,0.000565398313030008,0.0365
"ENSG00000126860","EVI2A",2.7872,8.54628857971991e-06,0.0034
"ENSG00000158715","SLC45A3",2.7547,0.000567315631824485,0.0365
"ENSG00000012124","CD22",2.7293,0.00246228454013809,0.082
"ENSG00000095970","TREM2",2.6713,2.56950983305963e-06,0.0013
"ENSG00000103089","FA2H",2.6496,0.000821759132254377,0.0458
"ENSG00000041982","TNC",2.6364,9.13503231298937e-07,8e-04
"ENSG00000205116","TMEM88B",2.5751,0.000679043531376287,0.0416
"ENSG00000124920","MYRF",2.5716,0.00131907307508207,0.0598
"ENSG00000180929","GPR62",2.5475,0.00052720677022889,0.0346
"ENSG00000179178","TMEM125",2.5336,7.66440364230513e-05,0.0115
"ENSG00000183160","TMEM119",2.5318,4.32776547770709e-09,0
"ENSG00000147488","ST18",2.5288,0.000730531300919576,0.0431
"ENSG00000281106","TMEM272",2.5254,0.000130017927180391,0.0159
"ENSG00000196187","TMEM63A",2.5228,0.000109926490421633,0.0146
"ENSG00000134817","APLNR",2.5078,3.69733950792683e-05,0.0069
"ENSG00000110876","SELPLG",2.474,1.91689612238513e-06,0.0011
"ENSG00000166428","PLD4",2.4692,2.6394418751789e-05,0.0055
"ENSG00000259070","LINC00639",2.4682,0.000275584593959162,0.0241
"ENSG00000011426","ANLN",2.3635,0.00253371376411612,0.0824
"ENSG00000086205","FOLH1",2.353,0.00318494612196405,0.0935
"ENSG00000175785","PRIMA1",2.3479,0.0035180248452594,0.0993
"ENSG00000169313","P2RY12",2.3331,0.00219068041182303,0.0782
"ENSG00000131095","GFAP",2.3107,4.16925066669731e-05,0.0076
"ENSG00000077420","APBB1IP",2.3021,5.53436177357112e-07,5e-04
"ENSG00000105366","SIGLEC8",2.3012,0.000216803170943834,0.0212
"ENSG00000122367","LDB3",2.2837,0.00079503495411449,0.045
"ENSG00000167641","PPP1R14A",2.2825,0.000179896288468528,0.0195
"ENSG00000173391","OLR1",2.2651,4.60489847327387e-05,0.0079
"ENSG00000166682","TMPRSS5",2.2636,0.000161625067819871,0.0184
"ENSG00000054690","PLEKHH1",2.2623,0.00214235682158807,0.0781
"ENSG00000013297","CLDN11",2.2574,0.00224956191680592,0.0784
"ENSG00000171860","C3AR1",2.2526,2.72603627541767e-05,0.0056
"ENSG00000122585","NPY",2.2469,0.000182150572285727,0.0195
"ENSG00000167123","CERCAM",2.238,0.00977471913794151,0.0993
"ENSG00000148826","NKX6-2",2.2289,0.00490362462094794,0.0993
"ENSG00000066294","CD84",2.2261,4.65512564884307e-08,1e-04
"ENSG00000182578","CSF1R",2.2157,1.09876853894188e-07,2e-04
"ENSG00000186818","LILRB4",2.2111,4.23330606592227e-06,0.002
"ENSG00000277494","GPIHBP1",2.1751,0.00224149302606288,0.0784
"ENSG00000140450","ARRDC4",2.165,3.94656008130987e-08,1e-04
"ENSG00000136960","ENPP2",2.1574,0.00241540914039471,0.0813
"ENSG00000164124","TMEM144",2.1526,0.00583388530034995,0.0993
"ENSG00000132702","HAPLN2",2.1516,0.00421028464607965,0.0993
"ENSG00000123560","PLP1",2.1383,0.00230112655711235,0.0791
"ENSG00000164161","HHIP",2.1289,0.00343400724011965,0.099
"ENSG00000130592","LSP1",2.1276,2.28554069204731e-05,0.0051
"ENSG00000150656","CNDP1",2.1275,0.00629508938042442,0.0993
"ENSG00000198223","CSF2RA",2.1232,1.8586126423317e-05,0.0045
"ENSG00000180739","S1PR5",2.1212,0.00253593607476266,0.0824
"ENSG00000160255","ITGB2",2.0993,5.87860548061992e-05,0.0096
"ENSG00000277632","CCL3",2.0937,0.0122185438002186,0.0993
"ENSG00000170775","GPR37",2.0929,0.00375110560495592,0.0993
"ENSG00000181631","P2RY13",2.0847,9.51844838665029e-05,0.0132
"ENSG00000167588","GPD1",2.0829,4.10674663730037e-06,0.002
"ENSG00000087253","LPCAT2",2.0808,9.08475748732327e-06,0.0034
"ENSG00000107099","DOCK8",2.0723,8.66419219572316e-08,2e-04
"ENSG00000184574","LPAR5",2.0681,1.27389627091238e-05,0.0037
"ENSG00000140749","IGSF6",2.044,1.83106125927807e-05,0.0045
"ENSG00000176381","PRR18",2.036,0.00232943431601111,0.0796
"ENSG00000042980","ADAM28",2.0347,2.98586449170644e-05,0.006
"ENSG00000165025","SYK",2.029,4.42272179474415e-07,5e-04
"ENSG00000065361","ERBB3",2.0066,0.00108480743294562,0.0532
"ENSG00000006747","SCIN",2.0009,0.00112142923994001,0.0542
"ENSG00000262223","LINC03048",1.9999,0.00621836379867252,0.0993
"ENSG00000282608","ADORA3",1.9989,0.00103383231918453,0.0523
"ENSG00000198753","PLXNB3",1.9947,0.000819077275212343,0.0458
"ENSG00000126803","HSPA2",1.9891,0.00207221592774133,0.0773
"ENSG00000171840","NINJ2",1.9852,0.00318047639095035,0.0935
"ENSG00000160223","ICOSLG",1.9839,0.00376725825638065,0.0993
"ENSG00000160223","LOC102723996",1.9839,0.00376725825638065,0.0993
"ENSG00000183287","CCBE1",1.9835,3.62156289328037e-05,0.0069
"ENSG00000059377","TBXAS1",1.9823,1.18562242490578e-05,0.0036
"ENSG00000136867","SLC31A2",1.9821,0.00661683975619498,0.0993
"ENSG00000154493","C10orf90",1.9753,0.00260822436952358,0.0833
"ENSG00000186417","GLDN",1.9739,0.00227211468529069,0.0786
"ENSG00000134516","DOCK2",1.955,8.93692074050493e-06,0.0034
"ENSG00000100146","SOX10",1.9419,0.000216921132840524,0.0212
"ENSG00000125355","TMEM255A",1.9269,0.00230476784639072,0.0791
"ENSG00000139629","GALNT6",1.9234,0.0050078783344734,0.0993
"ENSG00000114993","RTKN",1.9099,0.0013164784698124,0.0598
"ENSG00000075651","PLD1",1.8966,0.000485301535092717,0.0333
"ENSG00000104894","CD37",1.896,1.98750601739272e-05,0.0046
"ENSG00000141934","PLPP2",1.8943,0.00470953097604233,0.0993
"ENSG00000101049","SGK2",1.8856,0.0067097075776415,0.0993
"ENSG00000196517","SLC6A9",1.885,8.96986243371632e-05,0.0132
"ENSG00000204482","LST1",1.885,9.14318449799987e-05,0.0132
"ENSG00000142512","SIGLEC10",1.8836,0.00109206112490457,0.0532
"ENSG00000128815","WDFY4",1.8805,7.09237195537215e-06,0.003
"ENSG00000092529","CAPN3",1.8678,0.00687520457240324,0.0993
"ENSG00000166091","CMTM5",1.8654,0.00147055086398357,0.0644
"ENSG00000188153","COL4A5",1.8599,0.00374867937400602,0.0993
"ENSG00000101695","RNF125",1.8455,0.000766187930150231,0.0441
"ENSG00000117266","CDK18",1.8413,0.00257118360531922,0.0826
"ENSG00000128242","GAL3ST1",1.8342,0.000578359716842258,0.0368
"ENSG00000143119","CD53",1.831,1.92572974199523e-05,0.0045
"ENSG00000118785","SPP1",1.8266,0.00867006774817153,0.0993
"ENSG00000224982","TMEM233",1.8214,0.00184166476600898,0.0725
"ENSG00000154642","C21orf91",1.8194,0.00278270843079977,0.0861
"ENSG00000110934","BIN2",1.8178,0.00270371436021584,0.0849
"ENSG00000197093","GAL3ST4",1.8177,9.56156342827546e-07,8e-04
"ENSG00000184144","CNTN2",1.8088,0.00356282772614554,0.0993
"ENSG00000095303","PTGS1",1.8064,4.45875448294255e-05,0.0079
"ENSG00000065600","PACC1",1.7951,0.000267450488817538,0.0238
"ENSG00000136235","GPNMB",1.7748,0.00215602545273525,0.0781
"ENSG00000135905","DOCK10",1.7705,0.000457558102672937,0.0318
"ENSG00000114541","FRMD4B",1.7441,0.000783761570418313,0.0449
"ENSG00000182379","NXPH4",1.7368,0.00200348211616173,0.0757
"ENSG00000079435","LIPE",1.7365,0.00171189789133179,0.0696
"ENSG00000198732","SMOC1",1.734,2.9182080344803e-05,0.0059
"ENSG00000163235","TGFA",1.7315,0.000849143262215146,0.0463
"ENSG00000159189","C1QC",1.7306,0.00158197135259803,0.0673
"ENSG00000159307","SCUBE1",1.7264,0.000155586779507346,0.0179
"ENSG00000183960","KCNH8",1.7208,0.0145743817386537,0.0993
"ENSG00000123338","NCKAP1L",1.7119,9.34401025257481e-06,0.0034
"ENSG00000227544","LINC03013",1.7108,0.00214690660852746,0.0781
"ENSG00000173786","CNP",1.7096,0.00363760839701453,0.0993
"ENSG00000165168","CYBB",1.7012,0.00126140644229204,0.0583
"ENSG00000275395","FCGBP",1.6931,0.0079190074075094,0.0993
"ENSG00000019144","PHLDB1",1.6722,0.0022544476513487,0.0784
"ENSG00000237943","PRKCQ-AS1",1.6641,0.00169592385104421,0.0693
"ENSG00000187699","C2orf88",1.6616,0.000916321724531786,0.0483
"ENSG00000140678","ITGAX",1.6574,0.00719608029321026,0.0993
"ENSG00000148123","PLPPR1",1.6562,0.000141363021742299,0.0166
"ENSG00000203747","FCGR3A",1.6553,0.0109737683586631,0.0993
"ENSG00000169403","PTAFR",1.6524,0.000134311023368508,0.016
"ENSG00000198835","GJC2",1.6488,0.00124061413269858,0.0578
"ENSG00000150337","FCGR1A",1.6398,0.00234656032107867,0.0797
"ENSG00000162511","LAPTM5",1.6322,0.000164502911168548,0.0185
"ENSG00000117115","PADI2",1.629,0.000189143435231183,0.0197
"ENSG00000182957","SPATA13",1.629,1.66801081561053e-05,0.0042
"ENSG00000081237","PTPRC",1.6274,0.00012455264111066,0.0155
"ENSG00000130208","APOC1",1.6258,0.00230750988502396,0.0791
"ENSG00000164530","PI16",1.625,0.00122998015110531,0.0575
"ENSG00000166394","CYB5R2",1.6218,0.00268153530612993,0.0847
"ENSG00000118322","ATP10B",1.6217,0.00769357959439067,0.0993
"ENSG00000204472","AIF1",1.6195,0.000413371698916164,0.0302
"ENSG00000169896","ITGAM",1.6187,0.000270416637959602,0.0239
"ENSG00000135077","HAVCR2",1.6171,2.01912944755651e-05,0.0046
"ENSG00000118298","CA14",1.6142,0.00592229128811534,0.0993
"ENSG00000099282","TSPAN15",1.6131,0.00481431157431963,0.0993
"ENSG00000140968","IRF8",1.609,0.000273742009776299,0.0241
"ENSG00000134207","SYT6",1.5966,0.000232699917977576,0.0223
"ENSG00000006128","TAC1",1.5944,0.000767703441427894,0.0441
"ENSG00000006611","USH1C",1.5913,0.00577905629307937,0.0993
"ENSG00000128591","FLNC",1.5775,0.000449528330394671,0.0316
"ENSG00000111679","PTPN6",1.5768,0.000277015359219061,0.0241
"ENSG00000026508","CD44",1.5761,0.0172520033848069,0.0993
"ENSG00000010610","CD4",1.5748,3.70411277037138e-05,0.0069
"ENSG00000169247","SH3TC2",1.5709,0.0198298721631838,0.0993
"ENSG00000100297","MCM5",1.5706,1.42168188331703e-06,0.0011
"ENSG00000158352","SHROOM4",1.5631,0.00495581960707189,0.0993
"ENSG00000183196","CHST6",1.56,0.0020595925509215,0.0772
"ENSG00000244731","C4A",1.556,0.00270089289053621,0.0849
"ENSG00000244731","LOC110384692",1.556,0.00270089289053621,0.0849
"ENSG00000130720","FIBCD1",1.555,0.0226379386315617,0.0993
"ENSG00000176720","BOK",1.5545,0.00444348387541716,0.0993
"ENSG00000119535","CSF3R",1.5541,0.00061900622587046,0.0387
"ENSG00000234906","APOC2",1.5535,0.000962329920320769,0.0502
"ENSG00000204287","HLA-DRA",1.5462,0.0185483826155529,0.0993
"ENSG00000187764","SEMA4D",1.5429,0.000661769295980274,0.0409
"ENSG00000065320","NTN1",1.5427,9.70289521158441e-06,0.0034
"ENSG00000140479","PCSK6",1.542,0.00494758127842611,0.0993
"ENSG00000136859","ANGPTL2",1.5388,8.51746401043102e-05,0.0127
"ENSG00000011600","TYROBP",1.5379,0.000431118563695056,0.0307
"ENSG00000019582","CD74",1.5333,0.0109005903742894,0.0993
"ENSG00000035664","DAPK2",1.5287,0.00264701243492063,0.084
"ENSG00000244274","DBNDD2",1.5273,0.00277079959710284,0.0861
"ENSG00000205927","OLIG2",1.5271,0.000333916857584451,0.0265
"ENSG00000087245","MMP2",1.521,0.000202186269350929,0.0203
"ENSG00000103742","IGDCC4",1.5122,0.000140878621716066,0.0166
"ENSG00000139438","FAM222A",1.5096,0.00253509211490783,0.0824
"ENSG00000128604","IRF5",1.5079,1.49309854307049e-06,0.0011
"ENSG00000066322","ELOVL1",1.5059,0.0064696241636766,0.0993
"ENSG00000121933","TMIGD3",1.5026,0.00239818915074871,0.0809
"ENSG00000152689","RASGRP3",1.5016,0.00879590292881342,0.0993
"ENSG00000133067","LGR6",1.5,0.00139259796546084,0.0622
"ENSG00000057704","TMCC3",1.4926,0.00181788651132183,0.0718
"ENSG00000070214","SLC44A1",1.4924,0.00195401315936216,0.0744
"ENSG00000102934","PLLP",1.4914,0.00997229565637978,0.0993
"ENSG00000049089","COL9A2",1.4873,0.000262064148465327,0.0236
"ENSG00000142347","MYO1F",1.4867,0.00133621735044081,0.0604
"ENSG00000204060","FOXO6",1.4837,6.99101952008727e-05,0.0108
"ENSG00000250722","SELENOP",1.4806,0.00757901047171683,0.0993
"ENSG00000011201","ANOS1",1.4784,0.000224670453404391,0.0217
"ENSG00000242808","SOX2-OT",1.476,0.00484210387019975,0.0993
"ENSG00000100399","CHADL",1.473,0.00128451953502905,0.0592
"ENSG00000180834","MAP6D1",1.473,0.00419899989703443,0.0993
"ENSG00000111348","ARHGDIB",1.4729,4.37610268905526e-05,0.0078
"ENSG00000146592","CREB5",1.4724,0.00354776099276304,0.0993
"ENSG00000166927","MS4A7",1.472,0.00331838025464847,0.0966
"ENSG00000162367","TAL1",1.4707,0.000206645173884102,0.0206
"ENSG00000173372","C1QA",1.4668,0.0121146253040821,0.0993
"ENSG00000175899","A2M",1.4634,0.000406749349919774,0.0301
"ENSG00000186470","BTN3A2",1.4573,0.000258606162413025,0.0236
"ENSG00000196126","HLA-DRB1",1.4572,0.00963041173104113,0.0993
"ENSG00000118515","SGK1",1.4543,0.0101550845289219,0.0993
"ENSG00000141540","TTYH2",1.4526,0.0190785992820508,0.0993
"ENSG00000126822","PLEKHG3",1.4514,0.00715792571748255,0.0993
"ENSG00000224389","C4B",1.4485,0.0119635711941189,0.0993
"ENSG00000113140","SPARC",1.4466,0.000578423927565007,0.0368
"ENSG00000128283","CDC42EP1",1.4446,0.0113340430515667,0.0993
"ENSG00000139737","SLAIN1",1.4389,0.00610760951622148,0.0993
"ENSG00000173369","C1QB",1.438,0.00605842828265752,0.0993
"ENSG00000150510","FAM124A",1.4361,0.00251508431854843,0.0824
"ENSG00000132470","ITGB4",1.4355,0.0137954522623094,0.0993
"ENSG00000086730","LAT2",1.4253,0.000506900131314104,0.0341
"ENSG00000123836","PFKFB2",1.4094,0.000149422747916742,0.0174
"ENSG00000276547","PCDHGB5",1.4078,0.0010549701367764,0.0527
"ENSG00000148908","RGS10",1.4075,0.00028758277004603,0.0247
"ENSG00000168743","NPNT",1.4069,0.00318149210629709,0.0935
"ENSG00000133256","PDE6B",1.4006,0.00916470243079955,0.0993
"ENSG00000204257","HLA-DMA",1.4,0.00447284220052016,0.0993
"ENSG00000116774","OLFML3",1.398,0.00864609247835474,0.0993
"ENSG00000073849","ST6GAL1",1.3968,9.49666622029563e-06,0.0034
"ENSG00000105559","PLEKHA4",1.395,0.0112734306809129,0.0993
"ENSG00000242574","HLA-DMB",1.3939,0.0117065359836594,0.0993
"ENSG00000131386","GALNT15",1.3938,0.00672659352088905,0.0993
"ENSG00000100055","CYTH4",1.3912,0.00403700925167899,0.0993
"ENSG00000155926","SLA",1.3767,0.00847397642361128,0.0993
"ENSG00000180448","ARHGAP45",1.3741,0.0010583442777698,0.0527
"ENSG00000141524","TMC6",1.372,0.00766761669768936,0.0993
"ENSG00000106799","TGFBR1",1.3716,1.06598001898574e-05,0.0035
"ENSG00000149633","KIAA1755",1.3716,0.0135528109542426,0.0993
"ENSG00000159713","TPPP3",1.3712,0.00118341891621769,0.0562
"ENSG00000065809","FAM107B",1.3669,0.0169043356720519,0.0993
"ENSG00000100433","KCNK10",1.3632,0.00215226553885272,0.0781
"ENSG00000103449","SALL1",1.3626,1.62942697396297e-05,0.0042
"ENSG00000117676","RPS6KA1",1.3608,0.000165729230185157,0.0185
"ENSG00000069535","MAOB",1.36,9.39318467292239e-05,0.0132
"ENSG00000170677","SOCS6",1.3575,2.49597699072666e-06,0.0013
"ENSG00000093072","ADA2",1.3555,1.51332965951164e-07,3e-04
"ENSG00000177105","RHOG",1.3527,0.00167283817103019,0.069
"ENSG00000120594","PLXDC2",1.3501,0.000528431569839623,0.0346
"ENSG00000265763","ZNF488",1.3453,0.00370065183205235,0.0993
"ENSG00000107719","PALD1",1.3446,1.35293983842691e-06,0.0011
"ENSG00000080822","CLDND1",1.3439,0.0216375482744634,0.0993
"ENSG00000171388","APLN",1.3436,0.00215816395170786,0.0781
"ENSG00000072310","SREBF1",1.3419,0.00131856451164542,0.0598
"ENSG00000157734","SNX22",1.3393,9.98268107725925e-05,0.0138
"ENSG00000129226","CD68",1.3391,0.00143843569134182,0.0633
"ENSG00000131899","LLGL1",1.3385,4.59974204813163e-05,0.0079
"ENSG00000099194","SCD",1.3371,0.00185129206843805,0.0727
"ENSG00000110900","TSPAN11",1.3353,0.000740081948517953,0.0434
"ENSG00000129538","RNASE1",1.335,0.015725178835761,0.0993
"ENSG00000166046","TCP11L2",1.3344,0.000692991521689868,0.0421
"ENSG00000012171","SEMA3B",1.3291,0.0125530965062038,0.0993
"ENSG00000181804","SLC9A9",1.3273,9.07367174765786e-05,0.0132
"ENSG00000197892","KIF13B",1.3169,0.00413715391775355,0.0993
"ENSG00000164627","KIF6",1.3149,0.00471901039028738,0.0993
"ENSG00000137221","TJAP1",1.3105,0.00742491181956641,0.0993
"ENSG00000176438","SYNE3",1.31,0.00505452233154915,0.0993
"ENSG00000135362","PRR5L",1.3075,0.0160091727879516,0.0993
"ENSG00000114200","BCHE",1.3055,0.0129020749774013,0.0993
"ENSG00000140848","CPNE2",1.3055,8.19364463878605e-06,0.0034
"ENSG00000165959","CLMN",1.3024,0.0192505524025572,0.0993
"ENSG00000114019","AMOTL2",1.2963,0.00163145939703314,0.0684
"ENSG00000101203","COL20A1",1.2953,0.0143293474534683,0.0993
"ENSG00000170537","TMC7",1.2894,0.0175541260289093,0.0993
"ENSG00000002586","CD99",1.2886,0.00282387303788562,0.087
"ENSG00000172817","CYP7B1",1.2865,0.00165898269608301,0.069
"ENSG00000005893","LAMP2",1.2847,0.00787776013083419,0.0993
"ENSG00000054179","ENTPD2",1.2778,0.00312436014682192,0.0928
"ENSG00000104774","MAN2B1",1.2723,0.00016995347867855,0.0186
"ENSG00000137142","IGFBPL1",1.2671,0.00382031054828234,0.0993
"ENSG00000113657","DPYSL3",1.2662,0.000357457082606249,0.028
"ENSG00000179104","TMTC2",1.2616,0.0091321716690962,0.0993
"ENSG00000206337","HCP5",1.261,0.00158397710284021,0.0673
"ENSG00000162493","PDPN",1.2589,0.00175045049323293,0.07
"ENSG00000138964","PARVG",1.2549,0.0113228226814726,0.0993
"ENSG00000049540","ELN",1.2545,0.000450307632880272,0.0316
"ENSG00000180353","HCLS1",1.2527,0.00607198949098582,0.0993
"ENSG00000132199","ENOSF1",1.2498,0.018687343245322,0.0993
"ENSG00000198597","ZNF536",1.2473,0.00766239866051869,0.0993
"ENSG00000146122","DAAM2",1.2455,0.00248493842926238,0.0824
"ENSG00000188706","ZDHHC9",1.239,0.00893116502393344,0.0993
"ENSG00000152910","CNTNAP4",1.2384,0.00746056128956573,0.0993
"ENSG00000127241","MASP1",1.2383,0.0148226513600876,0.0993
"ENSG00000125247","TMTC4",1.2321,0.0110276865006589,0.0993
"ENSG00000168918","INPP5D",1.2305,0.000972383950631659,0.0504
"ENSG00000107331","ABCA2",1.2301,0.00954270389627496,0.0993
"ENSG00000115468","EFHD1",1.2294,0.0158479360403098,0.0993
"ENSG00000145569","OTULINL",1.2287,0.000386436282350721,0.0292
"ENSG00000103710","RASL12",1.2277,0.0146164053107907,0.0993
"ENSG00000066336","SPI1",1.227,0.0018725209914429,0.0733
"ENSG00000181409","AATK",1.2267,0.00672529128281252,0.0993
"ENSG00000272398","CD24",1.2267,0.0239670114432588,0.0998
"ENSG00000134716","CYP2J2",1.2266,0.0135089072994565,0.0993
"ENSG00000146090","RASGEF1C",1.2257,5.56383246829391e-05,0.0092
"ENSG00000147255","IGSF1",1.225,0.00019061780997777,0.0197
"ENSG00000112561","TFEB",1.2243,0.0138152564872373,0.0993
"ENSG00000154330","PGM5",1.2239,0.000630163403382127,0.0392
"ENSG00000136098","NEK3",1.2221,0.012939332098963,0.0993
"ENSG00000130962","PRRG1",1.222,0.0131268269081236,0.0993
"ENSG00000176046","NUPR1",1.221,0.00209860090081987,0.0777
"ENSG00000119714","GPR68",1.2172,0.00635017819138645,0.0993
"ENSG00000005513","SOX8",1.2161,0.00883814196805221,0.0993
"ENSG00000177519","RPRM",1.2148,0.00310562338384036,0.0924
"ENSG00000133056","PIK3C2B",1.2123,0.000377537710479787,0.0288
"ENSG00000213654","GPSM3",1.2099,0.00449624019782892,0.0993
"ENSG00000072864","NDE1",1.2072,0.0149596807988114,0.0993
"ENSG00000115935","WIPF1",1.2052,0.0046580821176877,0.0993
"ENSG00000187957","DNER",1.2052,4.59551572017682e-05,0.0079
"ENSG00000109458","GAB1",1.2012,0.00245077896750415,0.082
"ENSG00000102032","RENBP",1.1997,6.72374219159649e-05,0.0108
"ENSG00000119139","TJP2",1.1982,0.00911319310783822,0.0993
"ENSG00000186231","KLHL32",1.1975,0.0147629252014503,0.0993
"ENSG00000095383","TBC1D2",1.1946,0.0111932405809763,0.0993
"ENSG00000176658","MYO1D",1.1941,0.0192226370003279,0.0993
"ENSG00000082074","FYB1",1.19,0.0227243129654631,0.0993
"ENSG00000004468","CD38",1.1874,0.0158968434370874,0.0993
"ENSG00000156804","FBXO32",1.1817,0.00201272151222387,0.0758
"ENSG00000122986","HVCN1",1.1799,0.000316443824655116,0.0262
"ENSG00000164176","EDIL3",1.1792,0.0123245872846532,0.0993
"ENSG00000128805","ARHGAP22",1.1771,0.000744088775513179,0.0434
"ENSG00000164434","FABP7",1.1684,0.00166507275023814,0.069
"ENSG00000177807","KCNJ10",1.1679,0.00291939445227924,0.0883
"ENSG00000136167","LCP1",1.1636,0.00710528823914397,0.0993
"ENSG00000155792","DEPTOR",1.1628,0.00272256540157081,0.0851
"ENSG00000165476","REEP3",1.1608,0.0106158144555044,0.0993
"ENSG00000157851","DPYSL5",1.1597,0.000366329700268022,0.0285
"ENSG00000179314","WSCD1",1.1575,2.24335305341067e-07,3e-04
"ENSG00000092421","SEMA6A",1.1566,0.00591287075415237,0.0993
"ENSG00000134853","PDGFRA",1.1555,0.00568292569330391,0.0993
"ENSG00000125820","NKX2-2",1.1471,0.0115419665136282,0.0993
"ENSG00000135363","LMO2",1.1463,0.0014028600360553,0.0625
"ENSG00000186517","ARHGAP30",1.1459,0.00214402292633751,0.0781
"ENSG00000100242","SUN2",1.1452,0.0128677259302188,0.0993
"ENSG00000085117","CD82",1.1422,0.00363966170933585,0.0993
"ENSG00000187773","DIPK1C",1.1391,0.00151638506260986,0.0652
"ENSG00000204580","DDR1",1.1373,0.0016786133946372,0.069
"ENSG00000184060","ADAP2",1.1359,0.000922912860506898,0.0485
"ENSG00000171885","AQP4",1.1343,0.0219529330730094,0.0993
"ENSG00000164776","PHKG1",1.1335,0.00380937681806573,0.0993
"ENSG00000197747","S100A10",1.1329,0.0151586099600895,0.0993
"ENSG00000112902","SEMA5A",1.1297,0.000101676622607713,0.0138
"ENSG00000117724","CENPF",1.1282,0.00413640150705642,0.0993
"ENSG00000115461","IGFBP5",1.1274,0.000845885977726409,0.0463
"ENSG00000117707","PROX1",1.1255,0.00218962925858818,0.0782
"ENSG00000135678","CPM",1.1253,0.0177824034162415,0.0993
"ENSG00000148180","GSN",1.1213,0.00108241138512129,0.0532
"ENSG00000171700","RGS19",1.1208,1.11289216886879e-05,0.0035
"ENSG00000038427","VCAN",1.1198,0.00597030951835561,0.0993
"ENSG00000170271","FAXDC2",1.1145,0.00539702411100217,0.0993
"ENSG00000171621","SPSB1",1.107,0.0129709410395912,0.0993
"ENSG00000065413","ANKRD44",1.1051,0.00031980823358484,0.0262
"ENSG00000196814","MVB12B",1.1017,0.000527197689422801,0.0346
"ENSG00000249437","NAIP",1.1003,0.00411812133076901,0.0993
"ENSG00000156966","B3GNT7",1.0967,0.00250078562513899,0.0824
"ENSG00000108830","RND2",1.0959,1.0057871005257e-05,0.0035
"ENSG00000112893","MAN2A1",1.0958,0.0222756162297038,0.0993
"ENSG00000245848","CEBPA",1.0939,0.000789522571102239,0.0449
"ENSG00000068903","SIRT2",1.0917,7.3832665926311e-05,0.0112
"ENSG00000198951","NAGA",1.0889,2.09728178177857e-07,3e-04
"ENSG00000175130","MARCKSL1",1.0871,0.000477407568235831,0.033
"ENSG00000089639","GMIP",1.0868,0.000398407899899144,0.0298
"ENSG00000125257","ABCC4",1.0826,0.00296362370371543,0.0893
"ENSG00000004776","HSPB6",1.0814,0.00685144078449794,0.0993
"ENSG00000004864","SLC25A13",1.0812,0.00565432939581074,0.0993
"ENSG00000100842","EFS",1.0785,0.0203687475851875,0.0993
"ENSG00000101265","RASSF2",1.0763,0.0102034574454004,0.0993
"ENSG00000115325","DOK1",1.0763,0.00026192388721333,0.0236
"ENSG00000100596","SPTLC2",1.0753,0.00832788120022935,0.0993
"ENSG00000254122","PCDHGB7",1.0751,0.00372456629863205,0.0993
"ENSG00000012983","MAP4K5",1.075,0.0012479751458114,0.0578
"ENSG00000010278","CD9",1.0747,0.0210865434672482,0.0993
"ENSG00000129667","RHBDF2",1.0745,0.0178895849347777,0.0993
"ENSG00000187135","VSTM2B",1.0744,0.00974522700467966,0.0993
"ENSG00000107798","LIPA",1.0715,0.0197025874700602,0.0993
"ENSG00000176971","FIBIN",1.0714,0.00181889779615366,0.0718
"ENSG00000197355","UAP1L1",1.0714,0.00460800081700926,0.0993
"ENSG00000017483","SLC38A5",1.0708,0.017852070484522,0.0993
"ENSG00000143418","CERS2",1.0701,0.0051490424716958,0.0993
"ENSG00000275832","ARHGAP23",1.0691,0.000123403896251129,0.0155
"ENSG00000166387","PPFIBP2",1.0665,0.0017221413042337,0.0698
"ENSG00000136717","BIN1",1.0664,0.000878838008310948,0.0471
"ENSG00000099331","MYO9B",1.0661,0.00344831211809225,0.099
"ENSG00000100139","MICALL1",1.0627,0.00283250339485084,0.087
"ENSG00000162944","RFTN2",1.0627,0.00471601505030454,0.0993
"ENSG00000170802","FOXN2",1.0548,0.00754393407182495,0.0993
"ENSG00000130287","NCAN",1.0533,0.000111933145849949,0.0147
"ENSG00000106278","PTPRZ1",1.0531,0.00676478843915828,0.0993
"ENSG00000105329","TGFB1",1.0522,0.00130645614142163,0.0598
"ENSG00000027697","IFNGR1",1.0507,0.00899689132250849,0.0993
"ENSG00000075461","CACNG4",1.0485,0.000413749962290395,0.0302
"ENSG00000235162","C12orf75",1.0365,0.0125497129545737,0.0993
"ENSG00000108679","LGALS3BP",1.0344,0.00389964410248355,0.0993
"ENSG00000137491","SLCO2B1",1.0338,0.00622671263336419,0.0993
"ENSG00000108239","TBC1D12",1.0319,0.00105055308128896,0.0527
"ENSG00000163531","NFASC",1.0315,0.0181431162370318,0.0993
"ENSG00000132846","ZBED3",1.0244,0.0109917360846405,0.0993
"ENSG00000177663","IL17RA",1.0216,1.65406003970761e-05,0.0042
"ENSG00000130150","MOSPD2",1.0207,0.0120877310328352,0.0993
"ENSG00000047230","CTPS2",1.02,0.000101830965065636,0.0138
"ENSG00000213064","SFT2D2",1.019,0.00678872401231951,0.0993
"ENSG00000167393","PPP2R3B",1.0183,0.0132897726654769,0.0993
"ENSG00000179292","TMEM151A",1.0181,0.00870918715699451,0.0993
"ENSG00000122591","HYCC1",1.0156,0.0135907166772517,0.0993
"ENSG00000165566","AMER2",1.0146,0.00897085785812629,0.0993
"ENSG00000138185","ENTPD1",1.0137,0.00129144160067265,0.0593
"ENSG00000160410","SHKBP1",1.0135,5.11004769121169e-05,0.0086
"ENSG00000157593","SLC35B2",1.009,1.5843289476964e-05,0.0042
"ENSG00000105519","CAPS",1.0077,0.0199837178401805,0.0993
"ENSG00000092036","HAUS4",1.0068,0.000550434216953167,0.0358
"ENSG00000132692","BCAN",1.0065,0.00150606149034206,0.0651
"ENSG00000108784","NAGLU",1.0038,0.000132035044658449,0.016
"ENSG00000176974","SHMT1",1.0038,0.00252705421592424,0.0824
"ENSG00000231607","DLEU2",1.0037,0.0127605981798087,0.0993
"ENSG00000158869","FCER1G",1.0036,0.0231607728904488,0.0993
"ENSG00000188549","CCDC9B",1.0028,0.00225219882397212,0.0784
"ENSG00000106546","AHR",1.0014,0.00824431614406745,0.0993
"ENSG00000273749","CYFIP1",1.0005,3.8741168331255e-07,4e-04
"ENSG00000145794","MEGF10",0.9974,0.0138524776237781,0.0993
"ENSG00000132561","MATN2",0.9973,0.0137568090131066,0.0993
"ENSG00000042493","CAPG",0.9969,0.017119120265455,0.0993
"ENSG00000125637","PSD4",0.9934,1.84115274757322e-05,0.0045
"ENSG00000080815","PSEN1",0.993,0.00285468678021264,0.0874
"ENSG00000122694","GLIPR2",0.9917,0.0161163071388038,0.0993
"ENSG00000167191","GPRC5B",0.9916,0.0130026807192039,0.0993
"ENSG00000105464","GRIN2D",0.9885,0.00491143917318853,0.0993
"ENSG00000130787","HIP1R",0.9878,0.00172644847355258,0.0698
"ENSG00000164649","CDCA7L",0.9861,0.00700893963466869,0.0993
"ENSG00000164938","TP53INP1",0.9855,0.00548121302544985,0.0993
"ENSG00000123700","KCNJ2",0.9823,0.0186989941150124,0.0993
"ENSG00000091592","NLRP1",0.9792,0.0218308924349901,0.0993
"ENSG00000189319","FAM53B",0.9774,0.0015024875490979,0.0651
"ENSG00000154678","PDE1C",0.976,0.0222231490690306,0.0993
"ENSG00000223573","TINCR",0.9749,0.0239722421417355,0.0998
"ENSG00000184221","OLIG1",0.9728,0.00173486754521564,0.07
"ENSG00000198771","RCSD1",0.9728,0.00575689334908754,0.0993
"ENSG00000026950","BTN3A1",0.9727,0.000289391581093464,0.0247
"ENSG00000030419","IKZF2",0.9723,0.0175684211250484,0.0993
"ENSG00000149639","MTCL2",0.9669,0.000808363491939836,0.0456
"ENSG00000174599","TRAM1L1",0.9661,0.0132443705905062,0.0993
"ENSG00000164050","PLXNB1",0.9617,0.0229282068968631,0.0993
"ENSG00000185634","SHC4",0.9585,0.0235601531820182,0.0993
"ENSG00000196275","GTF2IRD2",0.9585,0.012377445716995,0.0993
"ENSG00000213859","KCTD11",0.9581,0.00640926265579349,0.0993
"ENSG00000026297","RNASET2",0.9578,0.00695949057737726,0.0993
"ENSG00000197956","S100A6",0.9566,0.00457086136250649,0.0993
"ENSG00000253305","PCDHGB6",0.9566,0.00283564085405971,0.087
"ENSG00000107338","SHB",0.9562,0.00191085566439383,0.0738
"ENSG00000092871","RFFL",0.9551,0.0213572660697264,0.0993
"ENSG00000162073","PAQR4",0.9535,0.00352585433372222,0.0993
"ENSG00000104267","CA2",0.9531,0.0220175672594397,0.0993
"ENSG00000176887","SOX11",0.9516,0.0163265189911546,0.0993
"ENSG00000165029","ABCA1",0.9486,0.0111203410353942,0.0993
"ENSG00000026652","AGPAT4",0.9482,0.0168169380812101,0.0993
"ENSG00000130147","SH3BP4",0.9477,0.0142129905808602,0.0993
"ENSG00000138756","BMP2K",0.9468,0.00158811277374577,0.0673
"ENSG00000071246","VASH1",0.9447,0.000516540524669971,0.0346
"ENSG00000078596","ITM2A",0.9436,0.016378045143883,0.0993
"ENSG00000143995","MEIS1",0.9425,0.0117626225468262,0.0993
"ENSG00000162711","NLRP3",0.9405,0.00604765743985664,0.0993
"ENSG00000125703","ATG4C",0.9402,0.00793242211435912,0.0993
"ENSG00000198960","ARMCX6",0.9379,6.85201901247835e-05,0.0108
"ENSG00000131477","RAMP2",0.9378,0.00287725714326267,0.0879
"ENSG00000105612","DNASE2",0.9374,0.00018564840572964,0.0197
"ENSG00000177103","DSCAML1",0.9365,0.0161048918087337,0.0993
"ENSG00000108370","RGS9",0.9337,0.000299055703025381,0.0251
"ENSG00000143409","MINDY1",0.9317,0.0088754855824574,0.0993
"ENSG00000164300","SERINC5",0.9315,0.00912807478233039,0.0993
"ENSG00000154856","APCDD1",0.9293,0.00101824511721179,0.0519
"ENSG00000155893","PXYLP1",0.9293,0.00354430206244986,0.0993
"ENSG00000187091","PLCD1",0.9274,0.0177684105724783,0.0993
"ENSG00000108187","PBLD",0.9254,0.00256219230837013,0.0826
"ENSG00000117480","FAAH",0.9239,0.00920190206418118,0.0993
"ENSG00000089250","NOS1",0.9224,0.00167516661071639,0.069
"ENSG00000183077","AFMID",0.9218,0.0186797288498885,0.0993
"ENSG00000206053","JPT2",0.9215,0.0147597648834008,0.0993
"ENSG00000082996","RNF13",0.9196,0.0165665224810879,0.0993
"ENSG00000102699","PARP4",0.9191,0.0014295461608619,0.0631
"ENSG00000153179","RASSF3",0.9183,0.00216590560715918,0.0781
"ENSG00000050405","LIMA1",0.9173,0.00331097719360589,0.0966
"ENSG00000100918","REC8",0.9158,0.00179251670451067,0.0711
"ENSG00000159228","CBR1",0.9144,0.0201479055375013,0.0993
"ENSG00000162946","DISC1",0.914,0.00161951481433964,0.0683
"ENSG00000110057","UNC93B1",0.9126,0.00571209209719997,0.0993
"ENSG00000092758","COL9A3",0.9109,0.0180051532467897,0.0993
"ENSG00000130508","PXDN",0.9085,0.016893212893746,0.0993
"ENSG00000066468","FGFR2",0.9082,0.0219051083092583,0.0993
"ENSG00000103187","COTL1",0.9066,0.00344525571775767,0.099
"ENSG00000051523","CYBA",0.8996,0.0211305044546799,0.0993
"ENSG00000109861","CTSC",0.8996,0.00122604305061076,0.0575
"ENSG00000179455","MKRN3",0.8969,0.00553214294590857,0.0993
"ENSG00000176058","TPRN",0.8927,0.0159010638840743,0.0993
"ENSG00000205683","DPF3",0.8907,2.44803006898978e-05,0.0053
"ENSG00000090857","PDPR",0.8861,0.00314326071192204,0.093
"ENSG00000090857","LOC124907803",0.8861,0.00314326071192204,0.093
"ENSG00000204136","GGTA1",0.8853,0.0110272564377045,0.0993
"ENSG00000049323","LTBP1",0.8846,0.0155269549609217,0.0993
"ENSG00000196547","MAN2A2",0.8842,0.00897347309741981,0.0993
"ENSG00000166912","MTMR10",0.883,0.00509489269889163,0.0993
"ENSG00000182968","SOX1",0.8829,0.0214784754299904,0.0993
"ENSG00000112309","B3GAT2",0.8819,0.0118806467311694,0.0993
"ENSG00000108828","VAT1",0.8814,0.00741844865044942,0.0993
"ENSG00000135723","FHOD1",0.8792,0.00370327977393631,0.0993
"ENSG00000171316","CHD7",0.8784,0.0194895940837324,0.0993
"ENSG00000161921","CXCL16",0.8782,0.00340758295007705,0.0984
"ENSG00000013573","DDX11",0.8779,0.0149161090615202,0.0993
"ENSG00000160191","PDE9A",0.877,0.000729589947333196,0.0431
"ENSG00000132613","MTSS2",0.875,0.00261030220867037,0.0833
"ENSG00000183853","KIRREL1",0.8735,0.00887292183069362,0.0993
"ENSG00000145685","LHFPL2",0.8719,0.00885554426582705,0.0993
"ENSG00000129675","ARHGEF6",0.8659,0.00415485973424023,0.0993
"ENSG00000140497","SCAMP2",0.8651,0.000480079145460857,0.0331
"ENSG00000167552","TUBA1A",0.865,0.0092410537471998,0.0993
"ENSG00000140931","CMTM3",0.8648,0.00478455458650358,0.0993
"ENSG00000127946","HIP1",0.864,0.00223399889389304,0.0784
"ENSG00000198093","ZNF649",0.8638,0.00193516352658965,0.0744
"ENSG00000116525","TRIM62",0.8626,0.0053377527894615,0.0993
"ENSG00000158292","GPR153",0.8586,0.0188297861348003,0.0993
"ENSG00000076513","ANKRD13A",0.854,0.0109791799472213,0.0993
"ENSG00000160285","LSS",0.8521,0.00630656534755843,0.0993
"ENSG00000146842","TMEM209",0.8517,0.00763165724751671,0.0993
"ENSG00000164889","SLC4A2",0.8511,0.00730319929431842,0.0993
"ENSG00000257365","FNTB",0.851,0.00224059844906915,0.0784
"ENSG00000257365","CHURC1-FNTB",0.851,0.00224059844906915,0.0784
"ENSG00000178695","KCTD12",0.8469,0.0224533664225144,0.0993
"ENSG00000172725","CORO1B",0.8424,0.000262871358903686,0.0236
"ENSG00000187098","MITF",0.8394,0.0101806288445772,0.0993
"ENSG00000168758","SEMA4C",0.838,0.01584244283668,0.0993
"ENSG00000162738","VANGL2",0.837,0.0136042470193266,0.0993
"ENSG00000081913","PHLPP1",0.8341,0.00290918932775707,0.0883
"ENSG00000107731","UNC5B",0.8337,0.0127933019446773,0.0993
"ENSG00000166750","SLFN5",0.8299,0.014467901527093,0.0993
"ENSG00000240184","PCDHGC3",0.8283,0.00054288911632086,0.0354
"ENSG00000144791","LIMD1",0.8282,0.00194855782099156,0.0744
"ENSG00000083857","FAT1",0.8256,0.00825106640035865,0.0993
"ENSG00000100092","SH3BP1",0.823,0.00776883206472716,0.0993
"ENSG00000212747","RTL8B",0.8228,0.0108357458916019,0.0993
"ENSG00000115183","TANC1",0.8221,0.0208056360163292,0.0993
"ENSG00000182372","CLN8",0.8218,0.000854818034272422,0.0463
"ENSG00000180573","H2AC6",0.8204,0.0204565936461055,0.0993
"ENSG00000253731","PCDHGA6",0.82,0.00306583643465662,0.0916
"ENSG00000040531","CTNS",0.8185,0.00119416129988849,0.0562
"ENSG00000105974","CAV1",0.8178,0.0230994580733552,0.0993
"ENSG00000134376","CRB1",0.8175,0.0196167968628516,0.0993
"ENSG00000119403","PHF19",0.8169,0.00651417811819717,0.0993
"ENSG00000167106","EEIG1",0.8166,0.00346211565255313,0.0993
"ENSG00000184584","STING1",0.8156,0.00878942192997142,0.0993
"ENSG00000064961","HMG20B",0.8133,0.00413664931711936,0.0993
"ENSG00000186635","ARAP1",0.8127,0.000338886362564971,0.0267
"ENSG00000062370","ZNF112",0.8112,0.00499216446678503,0.0993
"ENSG00000100311","PDGFB",0.8086,0.00297540947232074,0.0893
"ENSG00000035862","TIMP2",0.8073,0.00859118264621745,0.0993
"ENSG00000162520","SYNC",0.8031,0.0231262838542779,0.0993
"ENSG00000115808","STRN",0.8005,0.0137615402535643,0.0993
"ENSG00000168389","MFSD2A",0.7988,0.0154663587891098,0.0993
"ENSG00000179241","LDLRAD3",0.7986,0.0170447894091327,0.0993
"ENSG00000256043","CTSO",0.7981,0.00921218275499509,0.0993
"ENSG00000185278","ZBTB37",0.7972,0.00224390687833603,0.0784
"ENSG00000033327","GAB2",0.7971,0.0106396502312591,0.0993
"ENSG00000149311","ATM",0.7967,0.00480486358353592,0.0993
"ENSG00000184678","H2BC21",0.7952,0.0158854282378707,0.0993
"ENSG00000138080","EMILIN1",0.7929,0.0221859676380471,0.0993
"ENSG00000158156","XKR8",0.7882,0.00108788621013836,0.0532
"ENSG00000139668","WDFY2",0.7877,0.00109313902166246,0.0532
"ENSG00000196743","GM2A",0.7853,0.00176647199062449,0.0705
"ENSG00000065534","MYLK",0.7842,0.0126396829872508,0.0993
"ENSG00000107816","LZTS2",0.7842,0.00941650693290708,0.0993
"ENSG00000070756","PABPC1",0.7817,0.000115754431370961,0.0148
"ENSG00000151117","TMEM86A",0.7812,0.000167952877124046,0.0186
"ENSG00000176225","RTTN",0.7809,0.00659799114285223,0.0993
"ENSG00000186318","BACE1",0.7798,0.0122436026656955,0.0993
"ENSG00000137161","CNPY3",0.7796,1.10942538729547e-05,0.0035
"ENSG00000110455","ACCS",0.7748,0.0190059648550724,0.0993
"ENSG00000161618","ALDH16A1",0.7739,0.00579423902537993,0.0993
"ENSG00000175220","ARHGAP1",0.7736,0.00218413112905796,0.0782
"ENSG00000140262","TCF12",0.773,0.0217394749960546,0.0993
"ENSG00000169306","IL1RAPL1",0.7721,0.0109758797153661,0.0993
"ENSG00000184083","FAM120C",0.7717,0.000241439087594614,0.0226
"ENSG00000141570","CBX8",0.7716,0.0001892034741706,0.0197
"ENSG00000198799","LRIG2",0.7684,0.0147327686501085,0.0993
"ENSG00000178700","DHFR2",0.7672,0.0117701206787533,0.0993
"ENSG00000119655","NPC2",0.7661,0.011443726580209,0.0993
"ENSG00000138639","ARHGAP24",0.7654,0.00537031017421864,0.0993
"ENSG00000100364","KIAA0930",0.7649,0.00119422063636644,0.0562
"ENSG00000123095","BHLHE41",0.7628,0.0107240582708281,0.0993
"ENSG00000134824","FADS2",0.7581,0.020598962070032,0.0993
"ENSG00000227500","SCAMP4",0.758,0.000972392633307055,0.0504
"ENSG00000124067","SLC12A4",0.7517,0.0150258768714207,0.0993
"ENSG00000135525","MAP7",0.7507,0.0205946036328081,0.0993
"ENSG00000115649","CNPPD1",0.7503,0.00209351735795604,0.0777
"ENSG00000149403","GRIK4",0.7493,0.00202263255948252,0.076
"ENSG00000198879","SFMBT2",0.7487,0.000448932738134775,0.0316
"ENSG00000147533","GOLGA7",0.7484,0.0239521493616979,0.0998
"ENSG00000148218","ALAD",0.7474,0.00148236045294581,0.0647
"ENSG00000132122","SPATA6",0.7473,0.00754140911047151,0.0993
"ENSG00000131069","ACSS2",0.7462,0.00551941056458561,0.0993
"ENSG00000182796","TMEM198B",0.7457,0.00416262433879101,0.0993
"ENSG00000073711","PPP2R3A",0.7429,0.0226829760082075,0.0993
"ENSG00000174945","AMZ1",0.7427,0.00585014215792674,0.0993
"ENSG00000198001","IRAK4",0.7419,0.00604442664906662,0.0993
"ENSG00000115392","FANCL",0.7413,0.0180686008696394,0.0993
"ENSG00000105483","CARD8",0.7412,0.00496062599846465,0.0993
"ENSG00000137478","FCHSD2",0.7411,0.00119001413781115,0.0562
"ENSG00000087884","AAMDC",0.7376,0.0143668276003796,0.0993
"ENSG00000131389","SLC6A6",0.7355,0.00580316031826547,0.0993
"ENSG00000051128","HOMER3",0.7349,0.0111060276430413,0.0993
"ENSG00000170873","MTSS1",0.7323,0.000374247882906859,0.0287
"ENSG00000213722","DDAH2",0.7316,0.0233050831660325,0.0993
"ENSG00000172830","SSH3",0.7311,0.00704302820937215,0.0993
"ENSG00000129493","HEATR5A",0.7308,0.015666798092395,0.0993
"ENSG00000174428","GTF2IRD2B",0.7268,0.00596557722571656,0.0993
"ENSG00000186814","ZSCAN30",0.7248,0.00480983398366426,0.0993
"ENSG00000090932","DLL3",0.7247,0.00195509312906788,0.0744
"ENSG00000175938","ORAI3",0.7217,0.00227269225144527,0.0786
"ENSG00000082781","ITGB5",0.721,0.0132011571962985,0.0993
"ENSG00000164535","DAGLB",0.7203,0.0128579440782718,0.0993
"ENSG00000198740","ZNF652",0.7195,0.0148230917469985,0.0993
"ENSG00000162736","NCSTN",0.7191,0.00637452398976668,0.0993
"ENSG00000067141","NEO1",0.7173,0.0190102643159091,0.0993
"ENSG00000179833","SERTAD2",0.7146,0.00861424610067716,0.0993
"ENSG00000155897","ADCY8",0.714,0.0122189726445067,0.0993
"ENSG00000180233","ZNRF2",0.7135,0.00667535305769675,0.0993
"ENSG00000134222","PSRC1",0.7125,0.0201005920738527,0.0993
"ENSG00000225614","ZNF469",0.7119,0.0177066379321587,0.0993
"ENSG00000105722","ERF",0.7103,0.010342292540463,0.0993
"ENSG00000185670","ZBTB3",0.7102,0.00442343307120477,0.0993
"ENSG00000118762","PKD2",0.7079,0.00108039856066414,0.0532
"ENSG00000165801","ARHGEF40",0.7074,0.00597328130364031,0.0993
"ENSG00000111801","BTN3A3",0.7065,0.00479940904779649,0.0993
"ENSG00000167930","FAM234A",0.706,0.00351467849911166,0.0993
"ENSG00000165406","MARCHF8",0.7056,0.00236721033784387,0.0801
"ENSG00000178252","WDR6",0.7032,0.00042901981174917,0.0307
"ENSG00000136161","RCBTB2",0.7028,0.007587895236573,0.0993
"ENSG00000154222","CC2D1B",0.7024,0.00497364698472037,0.0993
"ENSG00000079462","PAFAH1B3",0.7023,0.0037928483270147,0.0993
"ENSG00000050555","LAMC3",0.7014,0.0168989570415428,0.0993
"ENSG00000110880","CORO1C",0.6972,0.0113445642879794,0.0993
"ENSG00000138231","DBR1",0.6957,0.00576281237894583,0.0993
"ENSG00000148120","AOPEP",0.6937,0.0041205373480673,0.0993
"ENSG00000117408","IPO13",0.6899,0.0146501604185083,0.0993
"ENSG00000116729","WLS",0.6895,0.00508136839241371,0.0993
"ENSG00000135912","TTLL4",0.6875,0.0154622768832341,0.0993
"ENSG00000100577","GSTZ1",0.6874,0.00244530727179132,0.082
"ENSG00000103257","SLC7A5",0.6871,0.00882894628282914,0.0993
"ENSG00000089060","SLC8B1",0.6863,0.0124333789128263,0.0993
"ENSG00000043462","LCP2",0.6859,0.0207784195267593,0.0993
"ENSG00000161791","FMNL3",0.6859,0.0196585752666585,0.0993
"ENSG00000108669","CYTH1",0.6819,0.0205690673433797,0.0993
"ENSG00000177156","TALDO1",0.6815,0.00435533634421772,0.0993
"ENSG00000135148","TRAFD1",0.6783,0.000370005802681942,0.0287
"ENSG00000262246","CORO7",0.6779,0.0194256771930582,0.0993
"ENSG00000169919","GUSB",0.6764,0.0114414638586435,0.0993
"ENSG00000130517","PGPEP1",0.6756,0.0130199979729326,0.0993
"ENSG00000104472","CHRAC1",0.6742,0.0180071257775472,0.0993
"ENSG00000197859","ADAMTSL2",0.6727,0.0176379195456534,0.0993
"ENSG00000156162","DPY19L4",0.6683,0.0230054695144107,0.0993
"ENSG00000146112","PPP1R18",0.6665,0.0144656174455214,0.0993
"ENSG00000146112","LOC107987457",0.6665,0.0144656174455214,0.0993
"ENSG00000144468","RHBDD1",0.666,0.0159812119377426,0.0993
"ENSG00000179364","PACS2",0.666,0.0132209758559939,0.0993
"ENSG00000101464","PIGU",0.6645,0.00082809144522944,0.0458
"ENSG00000198246","SLC29A3",0.6633,0.00199885574208137,0.0757
"ENSG00000087076","HSD17B14",0.6586,0.0120859056759708,0.0993
"ENSG00000156273","BACH1",0.6537,0.0195786377592316,0.0993
"ENSG00000156273","GRIK1-AS2",0.6537,0.0195786377592316,0.0993
"ENSG00000162734","PEA15",0.6533,0.000132999143359683,0.016
"ENSG00000116685","KIAA2013",0.6521,0.000453480563599248,0.0317
"ENSG00000078124","ACER3",0.6518,0.00350369643393699,0.0993
"ENSG00000227372","GFOD3P",0.6518,0.00272144780082366,0.0851
"ENSG00000166997","CNPY4",0.6513,0.000858864506622526,0.0463
"ENSG00000141349","G6PC3",0.65,0.000109411763535009,0.0146
"ENSG00000158987","RAPGEF6",0.6498,0.0218400840106014,0.0993
"ENSG00000172466","ZNF24",0.6497,0.00399973268984617,0.0993
"ENSG00000120942","UBIAD1",0.6489,0.00032703982782414,0.0263
"ENSG00000180787","ZFP3",0.6482,0.00871542419538271,0.0993
"ENSG00000188811","NHLRC3",0.648,0.0144355606066696,0.0993
"ENSG00000169239","CA5B",0.6476,0.00437074263357168,0.0993
"ENSG00000125746","EML2",0.6474,0.0177949429319773,0.0993
"ENSG00000049239","H6PD",0.645,0.0113382186257183,0.0993
"ENSG00000171298","GAA",0.6444,0.00296635583518971,0.0893
"ENSG00000129566","TEP1",0.644,0.0140932154796985,0.0993
"ENSG00000030582","GRN",0.6431,0.0063036941409004,0.0993
"ENSG00000196338","NLGN3",0.6424,0.00340468241543846,0.0984
"ENSG00000077044","DGKD",0.642,0.000885988333750404,0.0471
"ENSG00000167977","KCTD5",0.6411,0.00650568397279612,0.0993
"ENSG00000065978","YBX1",0.6389,0.0238864403709423,0.0996
"ENSG00000119906","SLF2",0.6359,0.0213907833256059,0.0993
"ENSG00000197461","PDGFA",0.6354,0.00746776254159474,0.0993
"ENSG00000114395","CYB561D2",0.6314,0.00177875767005837,0.0708
"ENSG00000166526","ZNF3",0.6313,0.00988737078020295,0.0993
"ENSG00000079308","TNS1",0.6303,0.0174280838795537,0.0993
"ENSG00000133835","HSD17B4",0.6294,0.0154168002100589,0.0993
"ENSG00000119772","DNMT3A",0.6278,0.00233888271704509,0.0796
"ENSG00000114796","KLHL24",0.6268,0.00709685653258098,0.0993
"ENSG00000168916","ZNF608",0.6265,0.0204862650183216,0.0993
"ENSG00000103274","NUBP1",0.6257,0.000182087104946312,0.0195
"ENSG00000196782","MAML3",0.6254,0.0110229244220784,0.0993
"ENSG00000181291","TMEM132E",0.6246,0.00727744360376305,0.0993
"ENSG00000132207","SLX1A",0.6243,0.019094369842979,0.0993
"ENSG00000132207","LOC124907837",0.6243,0.019094369842979,0.0993
"ENSG00000160271","RALGDS",0.6241,0.0175207035989702,0.0993
"ENSG00000116497","S100PBP",0.6233,0.0103233315034276,0.0993
"ENSG00000162144","CYB561A3",0.6227,0.000395175383547827,0.0297
"ENSG00000164305","CASP3",0.6216,0.0117473216799077,0.0993
"ENSG00000170624","SGCD",0.6215,0.0106971095030416,0.0993
"ENSG00000164010","ERMAP",0.621,0.0121241429809963,0.0993
"ENSG00000140807","NKD1",0.6193,0.0148893047692609,0.0993
"ENSG00000143815","LBR",0.6167,0.0239791247227023,0.0998
"ENSG00000092094","OSGEP",0.6159,0.0151960377906317,0.0993
"ENSG00000132406","TMEM128",0.6139,0.022338022013614,0.0993
"ENSG00000100105","PATZ1",0.6124,0.0177785217152622,0.0993
"ENSG00000006756","ARSD",0.6111,0.00385891151235657,0.0993
"ENSG00000171681","ATF7IP",0.6107,0.0025088440329182,0.0824
"ENSG00000197965","MPZL1",0.6102,0.0236590506366298,0.0993
"ENSG00000101868","POLA1",0.6067,0.00917206367341536,0.0993
"ENSG00000137497","NUMA1",0.6065,0.0237959013083786,0.0993
"ENSG00000145284","SCD5",0.6058,0.00594247452266092,0.0993
"ENSG00000185896","LAMP1",0.6037,0.0054526340967346,0.0993
"ENSG00000137177","KIF13A",0.603,0.00332357705586495,0.0966
"ENSG00000131043","AAR2",0.6022,0.00291044618381433,0.0883
"ENSG00000196369","SRGAP2B",0.6004,0.00778324575661238,0.0993
"ENSG00000110881","ASIC1",0.5976,0.00326424865045612,0.0956
"ENSG00000042445","RETSAT",0.5955,0.00187621165524658,0.0733
"ENSG00000118855","MFSD1",0.5953,0.0168178542914231,0.0993
"ENSG00000010292","NCAPD2",0.5949,0.0218719295412069,0.0993
"ENSG00000130023","ERMARD",0.5939,0.00442891680964045,0.0993
"ENSG00000075618","FSCN1",0.5921,0.0204158899090463,0.0993
"ENSG00000122783","CYREN",0.5919,0.000616703577958107,0.0387
"ENSG00000088298","EDEM2",0.5916,0.000217621761478238,0.0212
"ENSG00000088298","MMP24-AS1-EDEM2",0.5916,0.000217621761478238,0.0212
"ENSG00000085982","USP40",0.5908,0.0164795250348414,0.0993
"ENSG00000143315","PIGM",0.5897,0.00944366376511163,0.0993
"ENSG00000145996","CDKAL1",0.5888,0.00688425515071606,0.0993
"ENSG00000103855","CD276",0.5885,0.00676341087812409,0.0993
"ENSG00000093010","COMT",0.5855,0.00800741365059674,0.0993
